Select Restaurant,Select Channel Type,Select Service Type
"Goulburn South, Benalla, Taree Service Centre","Web, App, Kiosk",Pickup
"Goulburn South, Benalla, Taree Service Centre","Web, App, Kiosk",Pickup
"Goulburn South, Benalla, Taree Service Centre","Web, App",Pickup
"Goulburn South, Benalla, Taree Service Centre","Web, App",Pickup
"Goulburn South, Benalla, Taree Service Centre","Web, App, Kiosk",Pickup
"Goulburn South, Benalla, Taree Service Centre","Web, App, Kiosk",Pickup
"Goulburn South, Benalla, Taree Service Centre","Web, App",Pickup
"Goulburn South, Benalla, Taree Service Centre","Ubereats, Doordash",Delivery
"Goulburn South, Benalla, Taree Service Centre",Ubereats,Delivery
"Goulburn South, Benalla, Taree Service Centre","Web, App, Ubereats, Doordash",Delivery
"Goulburn South, Benalla, Taree Service Centre","Web, App, Ubereats, Doordash",Delivery
"Goulburn South, Benalla, Taree Service Centre","Web, App, Ubereats, Doordash",Delivery
"Goulburn South, Benalla, Taree Service Centre","Web, App, Ubereats, Doordash",Delivery
"Goulburn South, Benalla, Taree Service Centre","Web, App",Delivery
